{
  "xgb_prop": {
    "MAE": 101433.0546875,
    "RMSE": 2525936.5,
    "R2": 0.14261388778686523
  },
  "xgb_crop": {
    "MAE": 48086.140625,
    "RMSE": 2362108.0,
    "R2": 0.18861991167068481
  }
}