{
  "xgb_prop": {
    "MAE": 109925.21875,
    "RMSE": 2646975.75,
    "R2": 0.05847585201263428
  },
  "xgb_crop": {
    "MAE": 46407.4296875,
    "RMSE": 2358343.25,
    "R2": 0.19120436906814575
  }
}