{
  "n_estimators": 641,
  "max_depth": 7,
  "learning_rate": 0.020846957895078073,
  "subsample": 0.9909729556485982,
  "colsample_bytree": 0.9497327922401265,
  "reg_lambda": 0.20589728197687912,
  "tweedie_variance_power": 1.2454599737656806,
  "max_bin": 198
}