{
  "n_estimators": 669,
  "max_depth": 5,
  "learning_rate": 0.04413609970563063,
  "subsample": 0.7808762076834016,
  "colsample_bytree": 0.8841879592570618,
  "reg_lambda": 0.5129397879846774,
  "tweedie_variance_power": 1.478171205326359,
  "max_bin": 393
}