{
  "n_estimators": 605,
  "max_depth": 4,
  "learning_rate": 0.14108340900523528,
  "subsample": 0.9325398470083344,
  "colsample_bytree": 0.9818496824692567,
  "reg_lambda": 2.097821338457681,
  "tweedie_variance_power": 1.5783199830488681,
  "max_bin": 482
}